-- MySQL dump 10.13  Distrib 8.0.35, for Win64 (x86_64)
--
-- Host: localhost    Database: rp_scheduler_db
-- ------------------------------------------------------
-- Server version	8.0.35

/*!40101 SET @OLD_CHARACTER_SET_CLIENT=@@CHARACTER_SET_CLIENT */;
/*!40101 SET @OLD_CHARACTER_SET_RESULTS=@@CHARACTER_SET_RESULTS */;
/*!40101 SET @OLD_COLLATION_CONNECTION=@@COLLATION_CONNECTION */;
/*!50503 SET NAMES utf8mb4 */;
/*!40103 SET @OLD_TIME_ZONE=@@TIME_ZONE */;
/*!40103 SET TIME_ZONE='+00:00' */;
/*!40014 SET @OLD_UNIQUE_CHECKS=@@UNIQUE_CHECKS, UNIQUE_CHECKS=0 */;
/*!40014 SET @OLD_FOREIGN_KEY_CHECKS=@@FOREIGN_KEY_CHECKS, FOREIGN_KEY_CHECKS=0 */;
/*!40101 SET @OLD_SQL_MODE=@@SQL_MODE, SQL_MODE='NO_AUTO_VALUE_ON_ZERO' */;
/*!40111 SET @OLD_SQL_NOTES=@@SQL_NOTES, SQL_NOTES=0 */;

--
-- Table structure for table `agents`
--

DROP TABLE IF EXISTS `agents`;
/*!40101 SET @saved_cs_client     = @@character_set_client */;
/*!50503 SET character_set_client = utf8mb4 */;
CREATE TABLE `agents` (
  `agent_id` int NOT NULL AUTO_INCREMENT,
  `first_name` varchar(255) DEFAULT NULL,
  `last_name` varchar(255) DEFAULT NULL,
  `email` varchar(255) DEFAULT NULL,
  `phone_number` varchar(255) DEFAULT NULL,
  `active_status` tinyint(1) DEFAULT NULL,
  `created_at` datetime DEFAULT NULL,
  `updated_at` datetime DEFAULT NULL,
  PRIMARY KEY (`agent_id`),
  UNIQUE KEY `email` (`email`)
) ENGINE=InnoDB AUTO_INCREMENT=174 DEFAULT CHARSET=utf8mb4 COLLATE=utf8mb4_0900_ai_ci;
/*!40101 SET character_set_client = @saved_cs_client */;

--
-- Dumping data for table `agents`
--

LOCK TABLES `agents` WRITE;
/*!40000 ALTER TABLE `agents` DISABLE KEYS */;
INSERT INTO `agents` VALUES (104,'Wasantha','Abeysiri','wasantha12008@yahoo.ca','416.992.8012',1,'2024-03-16 01:27:25','2024-03-16 01:27:25'),(105,'Tessa','Beausoleil','tessabeausoleil@gmail.com','954.297.5394',1,'2024-03-16 01:27:25','2024-03-16 01:27:25'),(106,'Scott','Bennett','sbennett@elliman.com','516.607.0640',1,'2024-03-16 01:27:25','2024-03-16 01:27:25'),(107,'Weston','Bim','weston@jimbim.com','410.564.4950',1,'2024-03-16 01:27:25','2024-03-16 01:27:25'),(108,'Heather','Braswell','heather@braswellrealestate.com','530.413.3519',1,'2024-03-16 01:27:25','2024-03-16 01:27:25'),(109,'Darren','Brothers','dbrothersrealty@gmail.com','919.879.0829',1,'2024-03-16 01:27:25','2024-03-16 01:27:25'),(110,'Domanic','Calamese','calamese818@gmail.com','941.914.0038',1,'2024-03-16 01:27:25','2024-03-16 01:27:25'),(111,'Kelly','Capolino','Kelly@KellyinNaples.com','239.571.6395',1,'2024-03-16 01:27:25','2024-03-16 01:27:25'),(112,'Joe','Cassar','Joe@JosephsHomes.com','678.823.7677',1,'2024-03-16 01:27:25','2024-03-16 01:27:25'),(113,'Betsy','Cohen','Betsy.Cohen@foxroach.com','610.247.0134',1,'2024-03-16 01:27:25','2024-03-16 01:27:25'),(114,'Daniel','Corrar','Danielcorrarhomes@gmail.com','772-418.5251',1,'2024-03-16 01:27:25','2024-03-16 01:27:25'),(115,'Patrick','Coty','cotyfischer1@gmail.com','856.816.7437',1,'2024-03-16 01:27:25','2024-03-16 01:27:25'),(116,'Dimo','Demirev','dimo.demirev@premiersir.com','239.565.0707',1,'2024-03-16 01:27:25','2024-03-16 01:27:25'),(117,'Andrei','Diakov','alistspacesnyc@gmail.com','646.872.0162',1,'2024-03-16 01:27:25','2024-03-16 01:27:25'),(118,'Marc','Diaz','marc@thediazrealtygroup.com','954.541.7702',1,'2024-03-16 01:27:25','2024-03-16 01:27:25'),(119,'Rusty','Downey','rdowney@callcarpenter.com','812.350.2693',1,'2024-03-16 01:27:25','2024-03-16 01:27:25'),(120,'Stephen','Dutcher','stephen@stuart-fl.com','772-419.0402',1,'2024-03-16 01:27:25','2024-03-16 01:27:25'),(121,'Mike','Dyer','mikedyerhomes@gmail.com','941.587.1382',1,'2024-03-16 01:27:25','2024-03-16 01:27:25'),(122,'Cesar','Espinoza','cesar@equityhouston.com','832.877.6527',1,'2024-03-16 01:27:25','2024-03-16 01:27:25'),(123,'Mahtab','Etminani','mahtab.etminani@gmail.com','514.999.6073',1,'2024-03-16 01:27:25','2024-03-16 01:27:25'),(124,'Bruce','Farrell','bruce@brucesellsnaples.com','239.370.8533',1,'2024-03-16 01:27:25','2024-03-16 01:27:25'),(125,'Gary','FitzGibbon','gary@garyfitzgibbon.com','703.963.8707',1,'2024-03-16 01:27:25','2024-03-16 01:27:25'),(126,'Sergio','Garcia','sellwithgarcia@gmail.com','718.737.3874',1,'2024-03-16 01:27:25','2024-03-16 01:27:25'),(127,'Corrado','Giancaspro','cgiancaspro@libertyrealty.com','973.517.1244',1,'2024-03-16 01:27:25','2024-03-16 01:27:25'),(128,'Luis','Gonzalez','luisgonzalez@kw.com','305.924.1119',1,'2024-03-16 01:27:25','2024-03-16 01:27:25'),(129,'Dean','Graber','deangraber@kw.com','516.527.9549',1,'2024-03-16 01:27:25','2024-03-16 01:27:25'),(130,'Daniel','Harnsberger','Daniel@DAHsellsinVA.com','804.380.1190',1,'2024-03-16 01:27:25','2024-03-16 01:27:25'),(131,'Cornelius','Henderson','ch@hendersongroupdc.com','202-258.5627',1,'2024-03-16 01:27:25','2024-03-16 01:27:25'),(132,'Maurice','Hyde','marcelyo@rogers.com','416.519.9290',1,'2024-03-16 01:27:25','2024-03-16 01:27:25'),(133,'Trinie','Johnson','trinie@1stindependencerealty.com','210.326.3937',1,'2024-03-16 01:27:25','2024-03-16 01:27:25'),(134,'Robin','Johnson','robinjohnson1000@gmail.com','804.241.5661',1,'2024-03-16 01:27:25','2024-03-16 01:27:25'),(135,'John','King','kingjohne@gmail.com','757.725.3178',1,'2024-03-16 01:27:25','2024-03-16 01:27:25'),(136,'Dave','Knight','dave@soldfastfl.com','407.453.1331',1,'2024-03-16 01:27:25','2024-03-16 01:27:25'),(137,'Mike','Kotler','mike@mikekotler.com','908.264.1200',1,'2024-03-16 01:27:25','2024-03-16 01:27:25'),(138,'Marcus','Ku','Marcus@marcusku.com','469.223.7839',1,'2024-03-16 01:27:25','2024-03-16 01:27:25'),(139,'Vivian','Kuo','vivian.kuo@corcoran.com','646.431.2856',1,'2024-03-16 01:27:25','2024-03-16 01:27:25'),(140,'Wojtek','Lachowski','wojteklkn@gmail.com','704.806.0187',1,'2024-03-16 01:27:25','2024-03-16 01:27:25'),(141,'Jonathan','Lai','jonathanlai@kw.com','973.868.4980',1,'2024-03-16 01:27:25','2024-03-16 01:27:25'),(142,'Krystyna','Latsios','Krystyna.Latsios@comcast.net','610.348.5210',1,'2024-03-16 01:27:25','2024-03-16 01:27:25'),(143,'Agatha','Lubas','agatha@homesbyagatha.com','347.572-9257',1,'2024-03-16 01:27:25','2024-03-16 01:27:25'),(144,'Kerry','Mantziounis','info@kerryyouhome.com','416.786.5379',1,'2024-03-16 01:27:25','2024-03-16 01:27:25'),(145,'Sofia','Marshall','irenesofia@gmail.com','561.809.8704',1,'2024-03-16 01:27:25','2024-03-16 01:27:25'),(146,'Ryan','McCarty','ryan@mccartyflorida.com','239.404.7828',1,'2024-03-16 01:27:25','2024-03-16 01:27:25'),(147,'Bruno','Mele','bmele@libertyrealty.com','862.368.7298',1,'2024-03-16 01:27:25','2024-03-16 01:27:25'),(148,'Ed','Mulderrig','edmulderrig@gmail.com','631.374.1197',1,'2024-03-16 01:27:25','2024-03-16 01:27:25'),(149,'Daniela','Muscalu','daniela.muscalu@icloud.com','514.816.0376',1,'2024-03-16 01:27:25','2024-03-16 01:27:25'),(150,'Scott','Needles','sneedles@johnrwood.com','239.248.4163',1,'2024-03-16 01:27:25','2024-03-16 01:27:25'),(151,'Nancy','Peterson','npeterson@jbarrettrealty.com','508.284.0883',1,'2024-03-16 01:27:25','2024-03-16 01:27:25'),(152,'Faith','Philip','FaithPhilip@gmail.com','267.253.5994',1,'2024-03-16 01:27:25','2024-03-16 01:27:25'),(153,'Ken','Price','RemaxKenPrice@yahoo.com','404.786.8295',1,'2024-03-16 01:27:25','2024-03-16 01:27:25'),(154,'Gonzalo','Riesgo','griesgore@gmail.com','954.267.0620',1,'2024-03-16 01:27:25','2024-03-16 01:27:25'),(155,'Carol','Salazar','carolileana@gmail.com','305.900.9786',1,'2024-03-16 01:27:25','2024-03-16 01:27:25'),(156,'Bryan','Saldarini','bryan.saldarini@gmail.com','704.728.2573',1,'2024-03-16 01:27:25','2024-03-16 01:27:25'),(157,'Martina','Sally','martina.sally@tmsrg.com','417.496.4644',1,'2024-03-16 01:27:25','2024-03-16 01:27:25'),(158,'Michael','Samaniego','michaelangelosells@gmail.com','201.204.2265',1,'2024-03-16 01:27:25','2024-03-16 01:27:25'),(159,'Paul','Shao','paul@paulshao.com','617.877.8725',1,'2024-03-16 01:27:25','2024-03-16 01:27:25'),(160,'Natalia','Stewart','nataliare33@gmail.com','954.304.4915',1,'2024-03-16 01:27:25','2024-03-16 01:27:25'),(161,'Robert','Temelkoski','RobSellsDreams@gmail.com','561.777.6813',1,'2024-03-16 01:27:25','2024-03-16 01:27:25'),(162,'Cleia','Tupper','cleia@kw.com','317.450.3669',1,'2024-03-16 01:27:25','2024-03-16 01:27:25'),(163,'Donna','Vanneste','donnavanneste@cbburnet.com','651.200.7788',1,'2024-03-16 01:27:25','2024-03-16 01:27:25'),(164,'Aaron','Visco','aaronvisco@gmail.com','201.232-6493',1,'2024-03-16 01:27:25','2024-03-16 01:27:25'),(165,'Tammy','Ward','tammy.ward@rogers.com','905.252.1616',1,'2024-03-16 01:27:25','2024-03-16 01:27:25'),(166,'Curt','Ware','curtware@gmail.com','941.587.9122',1,'2024-03-16 01:27:25','2024-03-16 01:27:25'),(167,'Maryann','Warren','maryann@myhomeinthekeys.com','305.394.1427',1,'2024-03-16 01:27:25','2024-03-16 01:27:25'),(168,'John','Williams','john@johnwilliamsjr.com','240.507.5000',1,'2024-03-16 01:27:25','2024-03-16 01:27:25'),(169,'Dustin','Wright','dustinwrightrealtor@gmail.com','772-985.9636',1,'2024-03-16 01:27:25','2024-03-16 01:27:25'),(170,'Christian','Yeung','christianygz@gmail.com','647.786.7388',1,'2024-03-16 01:27:25','2024-03-16 01:27:25'),(171,'Patrick','Zarcone','Patrick@BhhsMyrtlebeach.com','843-241-7549',1,'2024-03-16 01:27:25','2024-03-16 01:27:25'),(172,'Ari','Zider','ZiderForce@gmail.com','705.341.7653',1,'2024-03-16 01:27:25','2024-03-16 01:27:25');
/*!40000 ALTER TABLE `agents` ENABLE KEYS */;
UNLOCK TABLES;

--
-- Table structure for table `availability`
--

DROP TABLE IF EXISTS `availability`;
/*!40101 SET @saved_cs_client     = @@character_set_client */;
/*!50503 SET character_set_client = utf8mb4 */;
CREATE TABLE `availability` (
  `availability_id` int NOT NULL AUTO_INCREMENT,
  `agent_id` int DEFAULT NULL,
  `date` date DEFAULT NULL,
  `is_available` tinyint(1) DEFAULT NULL,
  `created_at` datetime DEFAULT NULL,
  `updated_at` datetime DEFAULT NULL,
  PRIMARY KEY (`availability_id`),
  KEY `agent_id` (`agent_id`),
  CONSTRAINT `availability_ibfk_1` FOREIGN KEY (`agent_id`) REFERENCES `agents` (`agent_id`)
) ENGINE=InnoDB AUTO_INCREMENT=93 DEFAULT CHARSET=utf8mb4 COLLATE=utf8mb4_0900_ai_ci;
/*!40101 SET character_set_client = @saved_cs_client */;

--
-- Dumping data for table `availability`
--

LOCK TABLES `availability` WRITE;
/*!40000 ALTER TABLE `availability` DISABLE KEYS */;
/*!40000 ALTER TABLE `availability` ENABLE KEYS */;
UNLOCK TABLES;

--
-- Table structure for table `blacklist`
--

DROP TABLE IF EXISTS `blacklist`;
/*!40101 SET @saved_cs_client     = @@character_set_client */;
/*!50503 SET character_set_client = utf8mb4 */;
CREATE TABLE `blacklist` (
  `blacklist_id` int NOT NULL AUTO_INCREMENT,
  `agent1_id` int DEFAULT NULL,
  `agent2_id` int DEFAULT NULL,
  `created_at` datetime DEFAULT NULL,
  PRIMARY KEY (`blacklist_id`),
  KEY `agent1_id` (`agent1_id`),
  KEY `agent2_id` (`agent2_id`),
  CONSTRAINT `blacklist_ibfk_1` FOREIGN KEY (`agent1_id`) REFERENCES `agents` (`agent_id`),
  CONSTRAINT `blacklist_ibfk_2` FOREIGN KEY (`agent2_id`) REFERENCES `agents` (`agent_id`)
) ENGINE=InnoDB AUTO_INCREMENT=7 DEFAULT CHARSET=utf8mb4 COLLATE=utf8mb4_0900_ai_ci;
/*!40101 SET character_set_client = @saved_cs_client */;

--
-- Dumping data for table `blacklist`
--

LOCK TABLES `blacklist` WRITE;
/*!40000 ALTER TABLE `blacklist` DISABLE KEYS */;
/*!40000 ALTER TABLE `blacklist` ENABLE KEYS */;
UNLOCK TABLES;

--
-- Table structure for table `pairing_history`
--

DROP TABLE IF EXISTS `pairing_history`;
/*!40101 SET @saved_cs_client     = @@character_set_client */;
/*!50503 SET character_set_client = utf8mb4 */;
CREATE TABLE `pairing_history` (
  `history_id` int NOT NULL AUTO_INCREMENT,
  `agent1_id` int DEFAULT NULL,
  `agent2_id` int DEFAULT NULL,
  `paired_date` date DEFAULT NULL,
  `created_at` datetime DEFAULT NULL,
  PRIMARY KEY (`history_id`),
  KEY `agent1_id` (`agent1_id`),
  KEY `agent2_id` (`agent2_id`),
  CONSTRAINT `pairing_history_ibfk_1` FOREIGN KEY (`agent1_id`) REFERENCES `agents` (`agent_id`),
  CONSTRAINT `pairing_history_ibfk_2` FOREIGN KEY (`agent2_id`) REFERENCES `agents` (`agent_id`)
) ENGINE=InnoDB DEFAULT CHARSET=utf8mb4 COLLATE=utf8mb4_0900_ai_ci;
/*!40101 SET character_set_client = @saved_cs_client */;

--
-- Dumping data for table `pairing_history`
--

LOCK TABLES `pairing_history` WRITE;
/*!40000 ALTER TABLE `pairing_history` DISABLE KEYS */;
/*!40000 ALTER TABLE `pairing_history` ENABLE KEYS */;
UNLOCK TABLES;

--
-- Table structure for table `recurring_availability`
--

DROP TABLE IF EXISTS `recurring_availability`;
/*!40101 SET @saved_cs_client     = @@character_set_client */;
/*!50503 SET character_set_client = utf8mb4 */;
CREATE TABLE `recurring_availability` (
  `id` int NOT NULL AUTO_INCREMENT,
  `agent_id` int DEFAULT NULL,
  `day_of_week` varchar(10) DEFAULT NULL,
  `is_available` tinyint(1) DEFAULT NULL,
  `created_at` datetime DEFAULT NULL,
  `updated_at` datetime DEFAULT NULL,
  PRIMARY KEY (`id`),
  KEY `agent_id` (`agent_id`),
  CONSTRAINT `recurring_availability_ibfk_1` FOREIGN KEY (`agent_id`) REFERENCES `agents` (`agent_id`)
) ENGINE=InnoDB AUTO_INCREMENT=1251 DEFAULT CHARSET=utf8mb4 COLLATE=utf8mb4_0900_ai_ci;
/*!40101 SET character_set_client = @saved_cs_client */;

--
-- Dumping data for table `recurring_availability`
--

LOCK TABLES `recurring_availability` WRITE;
/*!40000 ALTER TABLE `recurring_availability` DISABLE KEYS */;
INSERT INTO `recurring_availability` VALUES (696,104,'1',1,'2024-03-16 01:27:25','2024-03-16 01:27:25'),(697,104,'2',1,'2024-03-16 01:27:25','2024-03-16 01:27:25'),(698,104,'3',1,'2024-03-16 01:27:25','2024-03-16 01:27:25'),(699,104,'4',1,'2024-03-16 01:27:25','2024-03-16 01:27:25'),(700,104,'5',1,'2024-03-16 01:27:25','2024-03-16 01:27:25'),(701,105,'1',1,'2024-03-16 01:27:25','2024-03-16 01:27:25'),(702,105,'2',1,'2024-03-16 01:27:25','2024-03-16 01:27:25'),(703,105,'3',1,'2024-03-16 01:27:25','2024-03-16 01:27:25'),(704,105,'4',1,'2024-03-16 01:27:25','2024-03-16 01:27:25'),(705,105,'5',1,'2024-03-16 01:27:25','2024-03-16 01:27:25'),(716,108,'1',1,'2024-03-16 01:27:25','2024-03-16 01:27:25'),(717,108,'2',1,'2024-03-16 01:27:25','2024-03-16 01:27:25'),(718,108,'3',1,'2024-03-16 01:27:25','2024-03-16 01:27:25'),(719,108,'4',1,'2024-03-16 01:27:25','2024-03-16 01:27:25'),(720,108,'5',1,'2024-03-16 01:27:25','2024-03-16 01:27:25'),(731,111,'1',1,'2024-03-16 01:27:25','2024-03-16 01:27:25'),(732,111,'2',1,'2024-03-16 01:27:25','2024-03-16 01:27:25'),(733,111,'3',1,'2024-03-16 01:27:25','2024-03-16 01:27:25'),(734,111,'4',1,'2024-03-16 01:27:25','2024-03-16 01:27:25'),(735,111,'5',1,'2024-03-16 01:27:25','2024-03-16 01:27:25'),(736,112,'1',1,'2024-03-16 01:27:25','2024-03-16 01:27:25'),(737,112,'2',1,'2024-03-16 01:27:25','2024-03-16 01:27:25'),(738,112,'3',1,'2024-03-16 01:27:25','2024-03-16 01:27:25'),(739,112,'4',1,'2024-03-16 01:27:25','2024-03-16 01:27:25'),(740,112,'5',1,'2024-03-16 01:27:25','2024-03-16 01:27:25'),(746,114,'1',1,'2024-03-16 01:27:25','2024-03-16 01:27:25'),(747,114,'2',1,'2024-03-16 01:27:25','2024-03-16 01:27:25'),(748,114,'3',1,'2024-03-16 01:27:25','2024-03-16 01:27:25'),(749,114,'4',1,'2024-03-16 01:27:25','2024-03-16 01:27:25'),(750,114,'5',1,'2024-03-16 01:27:25','2024-03-16 01:27:25'),(756,116,'1',1,'2024-03-16 01:27:25','2024-03-16 01:27:25'),(757,116,'2',1,'2024-03-16 01:27:25','2024-03-16 01:27:25'),(758,116,'3',1,'2024-03-16 01:27:25','2024-03-16 01:27:25'),(759,116,'4',1,'2024-03-16 01:27:25','2024-03-16 01:27:25'),(760,116,'5',1,'2024-03-16 01:27:25','2024-03-16 01:27:25'),(761,117,'1',1,'2024-03-16 01:27:25','2024-03-16 01:27:25'),(762,117,'2',1,'2024-03-16 01:27:25','2024-03-16 01:27:25'),(763,117,'3',1,'2024-03-16 01:27:25','2024-03-16 01:27:25'),(764,117,'4',1,'2024-03-16 01:27:25','2024-03-16 01:27:25'),(765,117,'5',1,'2024-03-16 01:27:25','2024-03-16 01:27:25'),(771,119,'1',1,'2024-03-16 01:27:25','2024-03-16 01:27:25'),(772,119,'2',1,'2024-03-16 01:27:25','2024-03-16 01:27:25'),(773,119,'3',1,'2024-03-16 01:27:25','2024-03-16 01:27:25'),(774,119,'4',1,'2024-03-16 01:27:25','2024-03-16 01:27:25'),(775,119,'5',1,'2024-03-16 01:27:25','2024-03-16 01:27:25'),(776,120,'1',1,'2024-03-16 01:27:25','2024-03-16 01:27:25'),(777,120,'2',1,'2024-03-16 01:27:25','2024-03-16 01:27:25'),(778,120,'3',1,'2024-03-16 01:27:25','2024-03-16 01:27:25'),(779,120,'4',1,'2024-03-16 01:27:25','2024-03-16 01:27:25'),(780,120,'5',1,'2024-03-16 01:27:25','2024-03-16 01:27:25'),(801,125,'1',1,'2024-03-16 01:27:25','2024-03-16 01:27:25'),(802,125,'2',1,'2024-03-16 01:27:25','2024-03-16 01:27:25'),(803,125,'3',1,'2024-03-16 01:27:25','2024-03-16 01:27:25'),(804,125,'4',1,'2024-03-16 01:27:25','2024-03-16 01:27:25'),(805,125,'5',1,'2024-03-16 01:27:25','2024-03-16 01:27:25'),(806,126,'1',1,'2024-03-16 01:27:25','2024-03-16 01:27:25'),(807,126,'2',1,'2024-03-16 01:27:25','2024-03-16 01:27:25'),(808,126,'3',1,'2024-03-16 01:27:25','2024-03-16 01:27:25'),(809,126,'4',1,'2024-03-16 01:27:25','2024-03-16 01:27:25'),(810,126,'5',1,'2024-03-16 01:27:25','2024-03-16 01:27:25'),(821,129,'1',1,'2024-03-16 01:27:25','2024-03-16 01:27:25'),(822,129,'2',1,'2024-03-16 01:27:25','2024-03-16 01:27:25'),(823,129,'3',1,'2024-03-16 01:27:25','2024-03-16 01:27:25'),(824,129,'4',1,'2024-03-16 01:27:25','2024-03-16 01:27:25'),(825,129,'5',1,'2024-03-16 01:27:25','2024-03-16 01:27:25'),(826,130,'1',1,'2024-03-16 01:27:25','2024-03-16 01:27:25'),(827,130,'2',1,'2024-03-16 01:27:25','2024-03-16 01:27:25'),(828,130,'3',1,'2024-03-16 01:27:25','2024-03-16 01:27:25'),(829,130,'4',1,'2024-03-16 01:27:25','2024-03-16 01:27:25'),(830,130,'5',1,'2024-03-16 01:27:25','2024-03-16 01:27:25'),(831,131,'1',1,'2024-03-16 01:27:25','2024-03-16 01:27:25'),(832,131,'2',1,'2024-03-16 01:27:25','2024-03-16 01:27:25'),(833,131,'3',1,'2024-03-16 01:27:25','2024-03-16 01:27:25'),(834,131,'4',1,'2024-03-16 01:27:25','2024-03-16 01:27:25'),(835,131,'5',1,'2024-03-16 01:27:25','2024-03-16 01:27:25'),(836,132,'1',1,'2024-03-16 01:27:25','2024-03-16 01:27:25'),(837,132,'2',1,'2024-03-16 01:27:25','2024-03-16 01:27:25'),(838,132,'3',1,'2024-03-16 01:27:25','2024-03-16 01:27:25'),(839,132,'4',1,'2024-03-16 01:27:25','2024-03-16 01:27:25'),(840,132,'5',1,'2024-03-16 01:27:25','2024-03-16 01:27:25'),(841,133,'1',1,'2024-03-16 01:27:25','2024-03-16 01:27:25'),(842,133,'2',1,'2024-03-16 01:27:25','2024-03-16 01:27:25'),(843,133,'3',1,'2024-03-16 01:27:25','2024-03-16 01:27:25'),(844,133,'4',1,'2024-03-16 01:27:25','2024-03-16 01:27:25'),(845,133,'5',1,'2024-03-16 01:27:25','2024-03-16 01:27:25'),(866,138,'1',1,'2024-03-16 01:27:25','2024-03-16 01:27:25'),(867,138,'2',1,'2024-03-16 01:27:25','2024-03-16 01:27:25'),(868,138,'3',1,'2024-03-16 01:27:25','2024-03-16 01:27:25'),(869,138,'4',1,'2024-03-16 01:27:25','2024-03-16 01:27:25'),(870,138,'5',1,'2024-03-16 01:27:25','2024-03-16 01:27:25'),(876,140,'1',1,'2024-03-16 01:27:25','2024-03-16 01:27:25'),(877,140,'2',1,'2024-03-16 01:27:25','2024-03-16 01:27:25'),(878,140,'3',1,'2024-03-16 01:27:25','2024-03-16 01:27:25'),(879,140,'4',1,'2024-03-16 01:27:25','2024-03-16 01:27:25'),(880,140,'5',1,'2024-03-16 01:27:25','2024-03-16 01:27:25'),(886,142,'1',1,'2024-03-16 01:27:25','2024-03-16 01:27:25'),(887,142,'2',1,'2024-03-16 01:27:25','2024-03-16 01:27:25'),(888,142,'3',1,'2024-03-16 01:27:25','2024-03-16 01:27:25'),(889,142,'4',1,'2024-03-16 01:27:25','2024-03-16 01:27:25'),(890,142,'5',1,'2024-03-16 01:27:25','2024-03-16 01:27:25'),(896,144,'1',1,'2024-03-16 01:27:25','2024-03-16 01:27:25'),(897,144,'2',1,'2024-03-16 01:27:25','2024-03-16 01:27:25'),(898,144,'3',1,'2024-03-16 01:27:25','2024-03-16 01:27:25'),(899,144,'4',1,'2024-03-16 01:27:25','2024-03-16 01:27:25'),(900,144,'5',1,'2024-03-16 01:27:25','2024-03-16 01:27:25'),(901,145,'1',1,'2024-03-16 01:27:25','2024-03-16 01:27:25'),(902,145,'2',1,'2024-03-16 01:27:25','2024-03-16 01:27:25'),(903,145,'3',1,'2024-03-16 01:27:25','2024-03-16 01:27:25'),(904,145,'4',1,'2024-03-16 01:27:25','2024-03-16 01:27:25'),(905,145,'5',1,'2024-03-16 01:27:25','2024-03-16 01:27:25'),(906,146,'1',1,'2024-03-16 01:27:25','2024-03-16 01:27:25'),(907,146,'2',1,'2024-03-16 01:27:25','2024-03-16 01:27:25'),(908,146,'3',1,'2024-03-16 01:27:25','2024-03-16 01:27:25'),(909,146,'4',1,'2024-03-16 01:27:25','2024-03-16 01:27:25'),(910,146,'5',1,'2024-03-16 01:27:25','2024-03-16 01:27:25'),(911,147,'1',1,'2024-03-16 01:27:25','2024-03-16 01:27:25'),(912,147,'2',1,'2024-03-16 01:27:25','2024-03-16 01:27:25'),(913,147,'3',1,'2024-03-16 01:27:25','2024-03-16 01:27:25'),(914,147,'4',1,'2024-03-16 01:27:25','2024-03-16 01:27:25'),(915,147,'5',1,'2024-03-16 01:27:25','2024-03-16 01:27:25'),(916,148,'1',1,'2024-03-16 01:27:25','2024-03-16 01:27:25'),(917,148,'2',1,'2024-03-16 01:27:25','2024-03-16 01:27:25'),(918,148,'3',1,'2024-03-16 01:27:25','2024-03-16 01:27:25'),(919,148,'4',1,'2024-03-16 01:27:25','2024-03-16 01:27:25'),(920,148,'5',1,'2024-03-16 01:27:25','2024-03-16 01:27:25'),(921,149,'1',1,'2024-03-16 01:27:25','2024-03-16 01:27:25'),(922,149,'2',1,'2024-03-16 01:27:25','2024-03-16 01:27:25'),(923,149,'3',1,'2024-03-16 01:27:25','2024-03-16 01:27:25'),(924,149,'4',1,'2024-03-16 01:27:25','2024-03-16 01:27:25'),(925,149,'5',1,'2024-03-16 01:27:25','2024-03-16 01:27:25'),(926,150,'1',1,'2024-03-16 01:27:25','2024-03-16 01:27:25'),(927,150,'2',1,'2024-03-16 01:27:25','2024-03-16 01:27:25'),(928,150,'3',1,'2024-03-16 01:27:25','2024-03-16 01:27:25'),(929,150,'4',1,'2024-03-16 01:27:25','2024-03-16 01:27:25'),(930,150,'5',1,'2024-03-16 01:27:25','2024-03-16 01:27:25'),(936,152,'1',1,'2024-03-16 01:27:25','2024-03-16 01:27:25'),(937,152,'2',1,'2024-03-16 01:27:25','2024-03-16 01:27:25'),(938,152,'3',1,'2024-03-16 01:27:25','2024-03-16 01:27:25'),(939,152,'4',1,'2024-03-16 01:27:25','2024-03-16 01:27:25'),(940,152,'5',1,'2024-03-16 01:27:25','2024-03-16 01:27:25'),(951,155,'1',1,'2024-03-16 01:27:25','2024-03-16 01:27:25'),(952,155,'2',1,'2024-03-16 01:27:25','2024-03-16 01:27:25'),(953,155,'3',1,'2024-03-16 01:27:25','2024-03-16 01:27:25'),(954,155,'4',1,'2024-03-16 01:27:25','2024-03-16 01:27:25'),(955,155,'5',1,'2024-03-16 01:27:25','2024-03-16 01:27:25'),(956,156,'1',1,'2024-03-16 01:27:25','2024-03-16 01:27:25'),(957,156,'2',1,'2024-03-16 01:27:25','2024-03-16 01:27:25'),(958,156,'3',1,'2024-03-16 01:27:25','2024-03-16 01:27:25'),(959,156,'4',1,'2024-03-16 01:27:25','2024-03-16 01:27:25'),(960,156,'5',1,'2024-03-16 01:27:25','2024-03-16 01:27:25'),(966,158,'1',1,'2024-03-16 01:27:25','2024-03-16 01:27:25'),(967,158,'2',1,'2024-03-16 01:27:25','2024-03-16 01:27:25'),(968,158,'3',1,'2024-03-16 01:27:25','2024-03-16 01:27:25'),(969,158,'4',1,'2024-03-16 01:27:25','2024-03-16 01:27:25'),(970,158,'5',1,'2024-03-16 01:27:25','2024-03-16 01:27:25'),(981,161,'1',1,'2024-03-16 01:27:25','2024-03-16 01:27:25'),(982,161,'2',1,'2024-03-16 01:27:25','2024-03-16 01:27:25'),(983,161,'3',1,'2024-03-16 01:27:25','2024-03-16 01:27:25'),(984,161,'4',1,'2024-03-16 01:27:25','2024-03-16 01:27:25'),(985,161,'5',1,'2024-03-16 01:27:25','2024-03-16 01:27:25'),(986,162,'1',1,'2024-03-16 01:27:25','2024-03-16 01:27:25'),(987,162,'2',1,'2024-03-16 01:27:25','2024-03-16 01:27:25'),(988,162,'3',1,'2024-03-16 01:27:25','2024-03-16 01:27:25'),(989,162,'4',1,'2024-03-16 01:27:25','2024-03-16 01:27:25'),(990,162,'5',1,'2024-03-16 01:27:25','2024-03-16 01:27:25'),(991,163,'1',1,'2024-03-16 01:27:25','2024-03-16 01:27:25'),(992,163,'2',1,'2024-03-16 01:27:25','2024-03-16 01:27:25'),(993,163,'3',1,'2024-03-16 01:27:25','2024-03-16 01:27:25'),(994,163,'4',1,'2024-03-16 01:27:25','2024-03-16 01:27:25'),(995,163,'5',1,'2024-03-16 01:27:25','2024-03-16 01:27:25'),(996,164,'1',1,'2024-03-16 01:27:25','2024-03-16 01:27:25'),(997,164,'2',1,'2024-03-16 01:27:25','2024-03-16 01:27:25'),(998,164,'3',1,'2024-03-16 01:27:25','2024-03-16 01:27:25'),(999,164,'4',1,'2024-03-16 01:27:25','2024-03-16 01:27:25'),(1000,164,'5',1,'2024-03-16 01:27:25','2024-03-16 01:27:25'),(1001,165,'1',1,'2024-03-16 01:27:25','2024-03-16 01:27:25'),(1002,165,'2',1,'2024-03-16 01:27:25','2024-03-16 01:27:25'),(1003,165,'3',1,'2024-03-16 01:27:25','2024-03-16 01:27:25'),(1004,165,'4',1,'2024-03-16 01:27:25','2024-03-16 01:27:25'),(1005,165,'5',1,'2024-03-16 01:27:25','2024-03-16 01:27:25'),(1006,166,'1',1,'2024-03-16 01:27:25','2024-03-16 01:27:25'),(1007,166,'2',1,'2024-03-16 01:27:25','2024-03-16 01:27:25'),(1008,166,'3',1,'2024-03-16 01:27:25','2024-03-16 01:27:25'),(1009,166,'4',1,'2024-03-16 01:27:25','2024-03-16 01:27:25'),(1010,166,'5',1,'2024-03-16 01:27:25','2024-03-16 01:27:25'),(1021,169,'1',1,'2024-03-16 01:27:25','2024-03-16 01:27:25'),(1022,169,'2',1,'2024-03-16 01:27:25','2024-03-16 01:27:25'),(1023,169,'3',1,'2024-03-16 01:27:25','2024-03-16 01:27:25'),(1024,169,'4',1,'2024-03-16 01:27:25','2024-03-16 01:27:25'),(1025,169,'5',1,'2024-03-16 01:27:25','2024-03-16 01:27:25'),(1026,170,'1',1,'2024-03-16 01:27:25','2024-03-16 01:27:25'),(1027,170,'2',1,'2024-03-16 01:27:25','2024-03-16 01:27:25'),(1028,170,'3',1,'2024-03-16 01:27:25','2024-03-16 01:27:25'),(1029,170,'4',1,'2024-03-16 01:27:25','2024-03-16 01:27:25'),(1030,170,'5',1,'2024-03-16 01:27:25','2024-03-16 01:27:25'),(1036,172,'1',1,'2024-03-16 01:27:25','2024-03-16 01:27:25'),(1037,172,'2',1,'2024-03-16 01:27:25','2024-03-16 01:27:25'),(1038,172,'3',1,'2024-03-16 01:27:25','2024-03-16 01:27:25'),(1039,172,'4',1,'2024-03-16 01:27:25','2024-03-16 01:27:25'),(1040,172,'5',1,'2024-03-16 01:27:25','2024-03-16 01:27:25'),(1041,106,'0',0,'2024-03-16 01:27:38','2024-03-16 01:27:38'),(1042,106,'1',1,'2024-03-16 01:27:38','2024-03-16 01:27:38'),(1043,106,'2',1,'2024-03-16 01:27:38','2024-03-16 01:27:38'),(1044,106,'3',0,'2024-03-16 01:27:38','2024-03-16 01:27:38'),(1045,106,'4',1,'2024-03-16 01:27:38','2024-03-16 01:27:38'),(1046,106,'5',1,'2024-03-16 01:27:38','2024-03-16 01:27:38'),(1047,106,'6',0,'2024-03-16 01:27:38','2024-03-16 01:27:38'),(1048,107,'0',0,'2024-03-16 01:27:46','2024-03-16 01:27:46'),(1049,107,'1',1,'2024-03-16 01:27:46','2024-03-16 01:27:46'),(1050,107,'2',0,'2024-03-16 01:27:46','2024-03-16 01:27:46'),(1051,107,'3',1,'2024-03-16 01:27:46','2024-03-16 01:27:46'),(1052,107,'4',1,'2024-03-16 01:27:46','2024-03-16 01:27:46'),(1053,107,'5',1,'2024-03-16 01:27:46','2024-03-16 01:27:46'),(1054,107,'6',0,'2024-03-16 01:27:46','2024-03-16 01:27:46'),(1055,109,'0',0,'2024-03-16 01:28:22','2024-03-16 01:28:22'),(1056,109,'1',1,'2024-03-16 01:28:22','2024-03-16 01:28:22'),(1057,109,'2',1,'2024-03-16 01:28:22','2024-03-16 01:28:22'),(1058,109,'3',1,'2024-03-16 01:28:22','2024-03-16 01:28:22'),(1059,109,'4',1,'2024-03-16 01:28:22','2024-03-16 01:28:22'),(1060,109,'5',0,'2024-03-16 01:28:22','2024-03-16 01:28:22'),(1061,109,'6',0,'2024-03-16 01:28:22','2024-03-16 01:28:22'),(1062,110,'0',0,'2024-03-16 01:28:26','2024-03-16 01:28:26'),(1063,110,'1',1,'2024-03-16 01:28:26','2024-03-16 01:28:26'),(1064,110,'2',1,'2024-03-16 01:28:26','2024-03-16 01:28:26'),(1065,110,'3',1,'2024-03-16 01:28:26','2024-03-16 01:28:26'),(1066,110,'4',1,'2024-03-16 01:28:26','2024-03-16 01:28:26'),(1067,110,'5',0,'2024-03-16 01:28:26','2024-03-16 01:28:26'),(1068,110,'6',0,'2024-03-16 01:28:26','2024-03-16 01:28:26'),(1069,113,'0',0,'2024-03-16 01:28:32','2024-03-16 01:28:32'),(1070,113,'1',1,'2024-03-16 01:28:32','2024-03-16 01:28:32'),(1071,113,'2',1,'2024-03-16 01:28:32','2024-03-16 01:28:32'),(1072,113,'3',0,'2024-03-16 01:28:32','2024-03-16 01:28:32'),(1073,113,'4',1,'2024-03-16 01:28:32','2024-03-16 01:28:32'),(1074,113,'5',1,'2024-03-16 01:28:32','2024-03-16 01:28:32'),(1075,113,'6',0,'2024-03-16 01:28:32','2024-03-16 01:28:32'),(1076,115,'0',0,'2024-03-16 01:28:40','2024-03-16 01:28:40'),(1077,115,'1',1,'2024-03-16 01:28:40','2024-03-16 01:28:40'),(1078,115,'2',1,'2024-03-16 01:28:40','2024-03-16 01:28:40'),(1079,115,'3',1,'2024-03-16 01:28:40','2024-03-16 01:28:40'),(1080,115,'4',0,'2024-03-16 01:28:40','2024-03-16 01:28:40'),(1081,115,'5',1,'2024-03-16 01:28:40','2024-03-16 01:28:40'),(1082,115,'6',0,'2024-03-16 01:28:40','2024-03-16 01:28:40'),(1083,118,'0',0,'2024-03-16 01:28:48','2024-03-16 01:28:48'),(1084,118,'1',1,'2024-03-16 01:28:48','2024-03-16 01:28:48'),(1085,118,'2',1,'2024-03-16 01:28:48','2024-03-16 01:28:48'),(1086,118,'3',1,'2024-03-16 01:28:48','2024-03-16 01:28:48'),(1087,118,'4',0,'2024-03-16 01:28:48','2024-03-16 01:28:48'),(1088,118,'5',1,'2024-03-16 01:28:48','2024-03-16 01:28:48'),(1089,118,'6',0,'2024-03-16 01:28:48','2024-03-16 01:28:48'),(1090,121,'0',0,'2024-03-16 01:28:54','2024-03-16 01:28:54'),(1091,121,'1',1,'2024-03-16 01:28:54','2024-03-16 01:28:54'),(1092,121,'2',1,'2024-03-16 01:28:54','2024-03-16 01:28:54'),(1093,121,'3',0,'2024-03-16 01:28:54','2024-03-16 01:28:54'),(1094,121,'4',1,'2024-03-16 01:28:54','2024-03-16 01:28:54'),(1095,121,'5',1,'2024-03-16 01:28:54','2024-03-16 01:28:54'),(1096,121,'6',0,'2024-03-16 01:28:54','2024-03-16 01:28:54'),(1097,122,'0',0,'2024-03-16 01:29:03','2024-03-16 01:29:03'),(1098,122,'1',1,'2024-03-16 01:29:03','2024-03-16 01:29:03'),(1099,122,'2',1,'2024-03-16 01:29:03','2024-03-16 01:29:03'),(1100,122,'3',1,'2024-03-16 01:29:03','2024-03-16 01:29:03'),(1101,122,'4',1,'2024-03-16 01:29:03','2024-03-16 01:29:03'),(1102,122,'5',0,'2024-03-16 01:29:03','2024-03-16 01:29:03'),(1103,122,'6',0,'2024-03-16 01:29:03','2024-03-16 01:29:03'),(1104,123,'0',0,'2024-03-16 01:29:32','2024-03-16 01:29:32'),(1105,123,'1',1,'2024-03-16 01:29:32','2024-03-16 01:29:32'),(1106,123,'2',1,'2024-03-16 01:29:32','2024-03-16 01:29:32'),(1107,123,'3',0,'2024-03-16 01:29:32','2024-03-16 01:29:32'),(1108,123,'4',1,'2024-03-16 01:29:32','2024-03-16 01:29:32'),(1109,123,'5',1,'2024-03-16 01:29:32','2024-03-16 01:29:32'),(1110,123,'6',0,'2024-03-16 01:29:32','2024-03-16 01:29:32'),(1111,124,'0',0,'2024-03-16 01:29:40','2024-03-16 01:29:40'),(1112,124,'1',1,'2024-03-16 01:29:40','2024-03-16 01:29:40'),(1113,124,'2',1,'2024-03-16 01:29:40','2024-03-16 01:29:40'),(1114,124,'3',0,'2024-03-16 01:29:40','2024-03-16 01:29:40'),(1115,124,'4',1,'2024-03-16 01:29:40','2024-03-16 01:29:40'),(1116,124,'5',1,'2024-03-16 01:29:40','2024-03-16 01:29:40'),(1117,124,'6',0,'2024-03-16 01:29:40','2024-03-16 01:29:40'),(1118,127,'0',0,'2024-03-16 01:29:46','2024-03-16 01:29:46'),(1119,127,'1',1,'2024-03-16 01:29:46','2024-03-16 01:29:46'),(1120,127,'2',1,'2024-03-16 01:29:46','2024-03-16 01:29:46'),(1121,127,'3',1,'2024-03-16 01:29:46','2024-03-16 01:29:46'),(1122,127,'4',1,'2024-03-16 01:29:46','2024-03-16 01:29:46'),(1123,127,'5',0,'2024-03-16 01:29:46','2024-03-16 01:29:46'),(1124,127,'6',0,'2024-03-16 01:29:46','2024-03-16 01:29:46'),(1125,128,'0',0,'2024-03-16 01:29:52','2024-03-16 01:29:52'),(1126,128,'1',1,'2024-03-16 01:29:52','2024-03-16 01:29:52'),(1127,128,'2',1,'2024-03-16 01:29:52','2024-03-16 01:29:52'),(1128,128,'3',0,'2024-03-16 01:29:52','2024-03-16 01:29:52'),(1129,128,'4',1,'2024-03-16 01:29:52','2024-03-16 01:29:52'),(1130,128,'5',1,'2024-03-16 01:29:52','2024-03-16 01:29:52'),(1131,128,'6',0,'2024-03-16 01:29:52','2024-03-16 01:29:52'),(1132,134,'0',0,'2024-03-16 01:30:36','2024-03-16 01:30:36'),(1133,134,'1',0,'2024-03-16 01:30:36','2024-03-16 01:30:36'),(1134,134,'2',1,'2024-03-16 01:30:36','2024-03-16 01:30:36'),(1135,134,'3',1,'2024-03-16 01:30:36','2024-03-16 01:30:36'),(1136,134,'4',1,'2024-03-16 01:30:36','2024-03-16 01:30:36'),(1137,134,'5',1,'2024-03-16 01:30:36','2024-03-16 01:30:36'),(1138,134,'6',0,'2024-03-16 01:30:36','2024-03-16 01:30:36'),(1139,135,'0',0,'2024-03-16 01:30:41','2024-03-16 01:30:41'),(1140,135,'1',0,'2024-03-16 01:30:41','2024-03-16 01:30:41'),(1141,135,'2',1,'2024-03-16 01:30:41','2024-03-16 01:30:41'),(1142,135,'3',1,'2024-03-16 01:30:41','2024-03-16 01:30:41'),(1143,135,'4',1,'2024-03-16 01:30:41','2024-03-16 01:30:41'),(1144,135,'5',1,'2024-03-16 01:30:41','2024-03-16 01:30:41'),(1145,135,'6',0,'2024-03-16 01:30:41','2024-03-16 01:30:41'),(1146,136,'0',0,'2024-03-16 01:30:48','2024-03-16 01:30:48'),(1147,136,'1',1,'2024-03-16 01:30:48','2024-03-16 01:30:48'),(1148,136,'2',1,'2024-03-16 01:30:48','2024-03-16 01:30:48'),(1149,136,'3',1,'2024-03-16 01:30:48','2024-03-16 01:30:48'),(1150,136,'4',1,'2024-03-16 01:30:48','2024-03-16 01:30:48'),(1151,136,'5',0,'2024-03-16 01:30:48','2024-03-16 01:30:48'),(1152,136,'6',0,'2024-03-16 01:30:48','2024-03-16 01:30:48'),(1153,137,'0',0,'2024-03-16 01:30:52','2024-03-16 01:30:52'),(1154,137,'1',1,'2024-03-16 01:30:52','2024-03-16 01:30:52'),(1155,137,'2',1,'2024-03-16 01:30:52','2024-03-16 01:30:52'),(1156,137,'3',1,'2024-03-16 01:30:52','2024-03-16 01:30:52'),(1157,137,'4',1,'2024-03-16 01:30:52','2024-03-16 01:30:52'),(1158,137,'5',0,'2024-03-16 01:30:52','2024-03-16 01:30:52'),(1159,137,'6',0,'2024-03-16 01:30:52','2024-03-16 01:30:52'),(1160,139,'0',0,'2024-03-16 01:30:57','2024-03-16 01:30:57'),(1161,139,'1',1,'2024-03-16 01:30:57','2024-03-16 01:30:57'),(1162,139,'2',0,'2024-03-16 01:30:57','2024-03-16 01:30:57'),(1163,139,'3',1,'2024-03-16 01:30:57','2024-03-16 01:30:57'),(1164,139,'4',1,'2024-03-16 01:30:57','2024-03-16 01:30:57'),(1165,139,'5',1,'2024-03-16 01:30:57','2024-03-16 01:30:57'),(1166,139,'6',0,'2024-03-16 01:30:57','2024-03-16 01:30:57'),(1167,141,'0',0,'2024-03-16 01:31:02','2024-03-16 01:31:02'),(1168,141,'1',1,'2024-03-16 01:31:02','2024-03-16 01:31:02'),(1169,141,'2',1,'2024-03-16 01:31:02','2024-03-16 01:31:02'),(1170,141,'3',1,'2024-03-16 01:31:02','2024-03-16 01:31:02'),(1171,141,'4',1,'2024-03-16 01:31:02','2024-03-16 01:31:02'),(1172,141,'5',0,'2024-03-16 01:31:02','2024-03-16 01:31:02'),(1173,141,'6',0,'2024-03-16 01:31:02','2024-03-16 01:31:02'),(1174,143,'0',0,'2024-03-16 01:31:09','2024-03-16 01:31:09'),(1175,143,'1',1,'2024-03-16 01:31:09','2024-03-16 01:31:09'),(1176,143,'2',1,'2024-03-16 01:31:09','2024-03-16 01:31:09'),(1177,143,'3',1,'2024-03-16 01:31:09','2024-03-16 01:31:09'),(1178,143,'4',1,'2024-03-16 01:31:09','2024-03-16 01:31:09'),(1179,143,'5',0,'2024-03-16 01:31:09','2024-03-16 01:31:09'),(1180,143,'6',0,'2024-03-16 01:31:09','2024-03-16 01:31:09'),(1181,151,'0',0,'2024-03-16 01:31:17','2024-03-16 01:31:17'),(1182,151,'1',1,'2024-03-16 01:31:17','2024-03-16 01:31:17'),(1183,151,'2',1,'2024-03-16 01:31:17','2024-03-16 01:31:17'),(1184,151,'3',1,'2024-03-16 01:31:17','2024-03-16 01:31:17'),(1185,151,'4',1,'2024-03-16 01:31:17','2024-03-16 01:31:17'),(1186,151,'5',0,'2024-03-16 01:31:17','2024-03-16 01:31:17'),(1187,151,'6',0,'2024-03-16 01:31:17','2024-03-16 01:31:17'),(1188,153,'0',0,'2024-03-16 01:31:30','2024-03-16 01:31:30'),(1189,153,'1',1,'2024-03-16 01:31:30','2024-03-16 01:31:30'),(1190,153,'2',1,'2024-03-16 01:31:30','2024-03-16 01:31:30'),(1191,153,'3',1,'2024-03-16 01:31:30','2024-03-16 01:31:30'),(1192,153,'4',0,'2024-03-16 01:31:30','2024-03-16 01:31:30'),(1193,153,'5',1,'2024-03-16 01:31:30','2024-03-16 01:31:30'),(1194,153,'6',0,'2024-03-16 01:31:30','2024-03-16 01:31:30'),(1195,154,'0',0,'2024-03-16 01:31:36','2024-03-16 01:31:36'),(1196,154,'1',1,'2024-03-16 01:31:36','2024-03-16 01:31:36'),(1197,154,'2',1,'2024-03-16 01:31:36','2024-03-16 01:31:36'),(1198,154,'3',0,'2024-03-16 01:31:36','2024-03-16 01:31:36'),(1199,154,'4',1,'2024-03-16 01:31:36','2024-03-16 01:31:36'),(1200,154,'5',1,'2024-03-16 01:31:36','2024-03-16 01:31:36'),(1201,154,'6',0,'2024-03-16 01:31:36','2024-03-16 01:31:36'),(1202,157,'0',0,'2024-03-16 01:31:42','2024-03-16 01:31:42'),(1203,157,'1',1,'2024-03-16 01:31:42','2024-03-16 01:31:42'),(1204,157,'2',1,'2024-03-16 01:31:42','2024-03-16 01:31:42'),(1205,157,'3',1,'2024-03-16 01:31:42','2024-03-16 01:31:42'),(1206,157,'4',1,'2024-03-16 01:31:42','2024-03-16 01:31:42'),(1207,157,'5',0,'2024-03-16 01:31:42','2024-03-16 01:31:42'),(1208,157,'6',0,'2024-03-16 01:31:42','2024-03-16 01:31:42'),(1209,159,'0',0,'2024-03-16 01:31:49','2024-03-16 01:31:49'),(1210,159,'1',0,'2024-03-16 01:31:49','2024-03-16 01:31:49'),(1211,159,'2',1,'2024-03-16 01:31:49','2024-03-16 01:31:49'),(1212,159,'3',1,'2024-03-16 01:31:49','2024-03-16 01:31:49'),(1213,159,'4',1,'2024-03-16 01:31:49','2024-03-16 01:31:49'),(1214,159,'5',1,'2024-03-16 01:31:49','2024-03-16 01:31:49'),(1215,159,'6',0,'2024-03-16 01:31:49','2024-03-16 01:31:49'),(1216,160,'0',0,'2024-03-16 01:31:55','2024-03-16 01:31:55'),(1217,160,'1',1,'2024-03-16 01:31:55','2024-03-16 01:31:55'),(1218,160,'2',1,'2024-03-16 01:31:55','2024-03-16 01:31:55'),(1219,160,'3',1,'2024-03-16 01:31:55','2024-03-16 01:31:55'),(1220,160,'4',1,'2024-03-16 01:31:55','2024-03-16 01:31:55'),(1221,160,'5',0,'2024-03-16 01:31:55','2024-03-16 01:31:55'),(1222,160,'6',0,'2024-03-16 01:31:55','2024-03-16 01:31:55'),(1223,167,'0',0,'2024-03-16 01:32:05','2024-03-16 01:32:05'),(1224,167,'1',1,'2024-03-16 01:32:05','2024-03-16 01:32:05'),(1225,167,'2',1,'2024-03-16 01:32:05','2024-03-16 01:32:05'),(1226,167,'3',0,'2024-03-16 01:32:05','2024-03-16 01:32:05'),(1227,167,'4',1,'2024-03-16 01:32:05','2024-03-16 01:32:05'),(1228,167,'5',1,'2024-03-16 01:32:05','2024-03-16 01:32:05'),(1229,167,'6',0,'2024-03-16 01:32:05','2024-03-16 01:32:05'),(1230,168,'0',0,'2024-03-16 01:32:10','2024-03-16 01:32:10'),(1231,168,'1',1,'2024-03-16 01:32:10','2024-03-16 01:32:10'),(1232,168,'2',1,'2024-03-16 01:32:10','2024-03-16 01:32:10'),(1233,168,'3',1,'2024-03-16 01:32:10','2024-03-16 01:32:10'),(1234,168,'4',0,'2024-03-16 01:32:10','2024-03-16 01:32:10'),(1235,168,'5',1,'2024-03-16 01:32:10','2024-03-16 01:32:10'),(1236,168,'6',0,'2024-03-16 01:32:10','2024-03-16 01:32:10'),(1237,171,'0',0,'2024-03-16 01:32:16','2024-03-16 01:32:16'),(1238,171,'1',1,'2024-03-16 01:32:16','2024-03-16 01:32:16'),(1239,171,'2',1,'2024-03-16 01:32:16','2024-03-16 01:32:16'),(1240,171,'3',0,'2024-03-16 01:32:16','2024-03-16 01:32:16'),(1241,171,'4',1,'2024-03-16 01:32:16','2024-03-16 01:32:16'),(1242,171,'5',1,'2024-03-16 01:32:16','2024-03-16 01:32:16'),(1243,171,'6',0,'2024-03-16 01:32:16','2024-03-16 01:32:16');
/*!40000 ALTER TABLE `recurring_availability` ENABLE KEYS */;
UNLOCK TABLES;

--
-- Table structure for table `schedule_details`
--

DROP TABLE IF EXISTS `schedule_details`;
/*!40101 SET @saved_cs_client     = @@character_set_client */;
/*!50503 SET character_set_client = utf8mb4 */;
CREATE TABLE `schedule_details` (
  `schedule_detail_id` int NOT NULL AUTO_INCREMENT,
  `schedule_id` int DEFAULT NULL,
  `agent1_id` int DEFAULT NULL,
  `agent2_id` int DEFAULT NULL,
  `is_paired` tinyint(1) DEFAULT NULL,
  `created_at` datetime DEFAULT NULL,
  `updated_at` datetime DEFAULT NULL,
  PRIMARY KEY (`schedule_detail_id`),
  KEY `schedule_id` (`schedule_id`),
  KEY `agent1_id` (`agent1_id`),
  KEY `agent2_id` (`agent2_id`),
  CONSTRAINT `schedule_details_ibfk_1` FOREIGN KEY (`schedule_id`) REFERENCES `schedules` (`schedule_id`),
  CONSTRAINT `schedule_details_ibfk_2` FOREIGN KEY (`agent1_id`) REFERENCES `agents` (`agent_id`),
  CONSTRAINT `schedule_details_ibfk_3` FOREIGN KEY (`agent2_id`) REFERENCES `agents` (`agent_id`)
) ENGINE=InnoDB AUTO_INCREMENT=1049 DEFAULT CHARSET=utf8mb4 COLLATE=utf8mb4_0900_ai_ci;
/*!40101 SET character_set_client = @saved_cs_client */;

--
-- Dumping data for table `schedule_details`
--

LOCK TABLES `schedule_details` WRITE;
/*!40000 ALTER TABLE `schedule_details` DISABLE KEYS */;
INSERT INTO `schedule_details` VALUES (664,80,104,128,1,'2024-03-16 01:32:56','2024-03-16 01:32:56'),(665,80,105,129,1,'2024-03-16 01:32:56','2024-03-16 01:32:56'),(666,80,106,130,1,'2024-03-16 01:32:56','2024-03-16 01:32:56'),(667,80,107,131,1,'2024-03-16 01:32:56','2024-03-16 01:32:56'),(668,80,108,132,1,'2024-03-16 01:32:56','2024-03-16 01:32:56'),(669,80,109,134,1,'2024-03-16 01:32:56','2024-03-16 01:32:56'),(670,80,110,135,1,'2024-03-16 01:32:56','2024-03-16 01:32:56'),(671,80,111,136,1,'2024-03-16 01:32:56','2024-03-16 01:32:56'),(672,80,112,137,1,'2024-03-16 01:32:56','2024-03-16 01:32:56'),(673,80,113,138,1,'2024-03-16 01:32:56','2024-03-16 01:32:56'),(674,80,114,139,1,'2024-03-16 01:32:56','2024-03-16 01:32:56'),(675,80,115,140,1,'2024-03-16 01:32:56','2024-03-16 01:32:56'),(676,80,116,141,1,'2024-03-16 01:32:56','2024-03-16 01:32:56'),(677,80,117,142,1,'2024-03-16 01:32:56','2024-03-16 01:32:56'),(678,80,118,143,1,'2024-03-16 01:32:56','2024-03-16 01:32:56'),(679,80,119,144,1,'2024-03-16 01:32:56','2024-03-16 01:32:56'),(680,80,120,145,1,'2024-03-16 01:32:56','2024-03-16 01:32:56'),(681,80,121,146,1,'2024-03-16 01:32:56','2024-03-16 01:32:56'),(682,80,122,147,1,'2024-03-16 01:32:56','2024-03-16 01:32:56'),(683,80,123,148,1,'2024-03-16 01:32:56','2024-03-16 01:32:56'),(684,80,124,149,1,'2024-03-16 01:32:56','2024-03-16 01:32:56'),(685,80,125,150,1,'2024-03-16 01:32:56','2024-03-16 01:32:56'),(686,80,126,151,1,'2024-03-16 01:32:56','2024-03-16 01:32:56'),(687,80,127,152,1,'2024-03-16 01:32:56','2024-03-16 01:32:56'),(688,80,153,154,1,'2024-03-16 01:32:56','2024-03-16 01:32:56'),(689,80,155,156,1,'2024-03-16 01:32:56','2024-03-16 01:32:56'),(690,80,157,158,1,'2024-03-16 01:32:56','2024-03-16 01:32:56'),(691,80,159,160,1,'2024-03-16 01:32:56','2024-03-16 01:32:56'),(692,80,161,162,1,'2024-03-16 01:32:56','2024-03-16 01:32:56'),(693,80,163,164,1,'2024-03-16 01:32:56','2024-03-16 01:32:56'),(694,80,165,166,1,'2024-03-16 01:32:56','2024-03-16 01:32:56'),(695,80,167,168,1,'2024-03-16 01:32:56','2024-03-16 01:32:56'),(696,80,169,170,1,'2024-03-16 01:32:56','2024-03-16 01:32:56'),(697,80,171,172,1,'2024-03-16 01:32:56','2024-03-16 01:32:56'),(698,80,133,NULL,0,'2024-03-16 01:32:56','2024-03-16 01:32:56'),(699,81,104,129,1,'2024-03-16 01:33:21','2024-03-16 01:33:21'),(700,81,106,128,1,'2024-03-16 01:33:21','2024-03-16 01:33:21'),(701,81,107,130,1,'2024-03-16 01:33:21','2024-03-16 01:33:21'),(702,81,108,131,1,'2024-03-16 01:33:21','2024-03-16 01:33:21'),(703,81,109,132,1,'2024-03-16 01:33:21','2024-03-16 01:33:21'),(704,81,110,133,1,'2024-03-16 01:33:21','2024-03-16 01:33:21'),(705,81,111,134,1,'2024-03-16 01:33:21','2024-03-16 01:33:21'),(706,81,112,135,1,'2024-03-16 01:33:21','2024-03-16 01:33:21'),(707,81,113,136,1,'2024-03-16 01:33:21','2024-03-16 01:33:21'),(708,81,114,137,1,'2024-03-16 01:33:21','2024-03-16 01:33:21'),(709,81,115,138,1,'2024-03-16 01:33:21','2024-03-16 01:33:21'),(710,81,116,139,1,'2024-03-16 01:33:21','2024-03-16 01:33:21'),(711,81,117,140,1,'2024-03-16 01:33:21','2024-03-16 01:33:21'),(712,81,118,141,1,'2024-03-16 01:33:21','2024-03-16 01:33:21'),(713,81,119,142,1,'2024-03-16 01:33:21','2024-03-16 01:33:21'),(714,81,120,143,1,'2024-03-16 01:33:21','2024-03-16 01:33:21'),(715,81,121,144,1,'2024-03-16 01:33:21','2024-03-16 01:33:21'),(716,81,122,145,1,'2024-03-16 01:33:21','2024-03-16 01:33:21'),(717,81,123,146,1,'2024-03-16 01:33:21','2024-03-16 01:33:21'),(718,81,124,147,1,'2024-03-16 01:33:21','2024-03-16 01:33:21'),(719,81,126,148,1,'2024-03-16 01:33:21','2024-03-16 01:33:21'),(720,81,127,149,1,'2024-03-16 01:33:21','2024-03-16 01:33:21'),(721,81,153,151,1,'2024-03-16 01:33:21','2024-03-16 01:33:21'),(722,81,155,152,1,'2024-03-16 01:33:21','2024-03-16 01:33:21'),(723,81,157,154,1,'2024-03-16 01:33:21','2024-03-16 01:33:21'),(724,81,159,156,1,'2024-03-16 01:33:21','2024-03-16 01:33:21'),(725,81,161,158,1,'2024-03-16 01:33:21','2024-03-16 01:33:21'),(726,81,163,160,1,'2024-03-16 01:33:21','2024-03-16 01:33:21'),(727,81,165,162,1,'2024-03-16 01:33:21','2024-03-16 01:33:21'),(728,81,167,164,1,'2024-03-16 01:33:21','2024-03-16 01:33:21'),(729,81,169,166,1,'2024-03-16 01:33:21','2024-03-16 01:33:21'),(730,81,171,168,1,'2024-03-16 01:33:21','2024-03-16 01:33:21'),(731,81,105,170,1,'2024-03-16 01:33:21','2024-03-16 01:33:21'),(732,81,125,172,1,'2024-03-16 01:33:21','2024-03-16 01:33:21'),(733,81,150,NULL,0,'2024-03-16 01:33:21','2024-03-16 01:33:21'),(734,82,106,131,1,'2024-03-16 01:33:54','2024-03-16 01:33:54'),(735,82,109,128,1,'2024-03-16 01:33:54','2024-03-16 01:33:54'),(736,82,110,130,1,'2024-03-16 01:33:54','2024-03-16 01:33:54'),(737,82,111,132,1,'2024-03-16 01:33:54','2024-03-16 01:33:54'),(738,82,112,133,1,'2024-03-16 01:33:54','2024-03-16 01:33:54'),(739,82,113,134,1,'2024-03-16 01:33:54','2024-03-16 01:33:54'),(740,82,114,135,1,'2024-03-16 01:33:54','2024-03-16 01:33:54'),(741,82,115,136,1,'2024-03-16 01:33:54','2024-03-16 01:33:54'),(742,82,116,137,1,'2024-03-16 01:33:54','2024-03-16 01:33:54'),(743,82,117,138,1,'2024-03-16 01:33:54','2024-03-16 01:33:54'),(744,82,118,139,1,'2024-03-16 01:33:54','2024-03-16 01:33:54'),(745,82,119,140,1,'2024-03-16 01:33:54','2024-03-16 01:33:54'),(746,82,120,141,1,'2024-03-16 01:33:54','2024-03-16 01:33:54'),(747,82,121,142,1,'2024-03-16 01:33:54','2024-03-16 01:33:54'),(748,82,122,143,1,'2024-03-16 01:33:54','2024-03-16 01:33:54'),(749,82,123,144,1,'2024-03-16 01:33:54','2024-03-16 01:33:54'),(750,82,124,145,1,'2024-03-16 01:33:54','2024-03-16 01:33:54'),(751,82,125,146,1,'2024-03-16 01:33:54','2024-03-16 01:33:54'),(752,82,126,147,1,'2024-03-16 01:33:54','2024-03-16 01:33:54'),(753,82,127,148,1,'2024-03-16 01:33:54','2024-03-16 01:33:54'),(754,82,153,149,1,'2024-03-16 01:33:54','2024-03-16 01:33:54'),(755,82,155,150,1,'2024-03-16 01:33:54','2024-03-16 01:33:54'),(756,82,157,151,1,'2024-03-16 01:33:54','2024-03-16 01:33:54'),(757,82,159,152,1,'2024-03-16 01:33:54','2024-03-16 01:33:54'),(758,82,161,154,1,'2024-03-16 01:33:54','2024-03-16 01:33:54'),(759,82,163,156,1,'2024-03-16 01:33:54','2024-03-16 01:33:54'),(760,82,165,158,1,'2024-03-16 01:33:54','2024-03-16 01:33:54'),(761,82,167,160,1,'2024-03-16 01:33:54','2024-03-16 01:33:54'),(762,82,169,162,1,'2024-03-16 01:33:54','2024-03-16 01:33:54'),(763,82,171,164,1,'2024-03-16 01:33:54','2024-03-16 01:33:54'),(764,82,105,166,1,'2024-03-16 01:33:54','2024-03-16 01:33:54'),(765,82,104,168,1,'2024-03-16 01:33:54','2024-03-16 01:33:54'),(766,82,107,170,1,'2024-03-16 01:33:54','2024-03-16 01:33:54'),(767,82,108,172,1,'2024-03-16 01:33:54','2024-03-16 01:33:54'),(768,82,129,NULL,0,'2024-03-16 01:33:54','2024-03-16 01:33:54'),(769,83,104,130,1,'2024-03-16 01:33:58','2024-03-16 01:33:58'),(770,83,105,128,1,'2024-03-16 01:33:58','2024-03-16 01:33:58'),(771,83,108,129,1,'2024-03-16 01:33:58','2024-03-16 01:33:58'),(772,83,112,131,1,'2024-03-16 01:33:58','2024-03-16 01:33:58'),(773,83,114,132,1,'2024-03-16 01:33:58','2024-03-16 01:33:58'),(774,83,115,133,1,'2024-03-16 01:33:58','2024-03-16 01:33:58'),(775,83,116,135,1,'2024-03-16 01:33:58','2024-03-16 01:33:58'),(776,83,117,136,1,'2024-03-16 01:33:58','2024-03-16 01:33:58'),(777,83,118,137,1,'2024-03-16 01:33:58','2024-03-16 01:33:58'),(778,83,119,138,1,'2024-03-16 01:33:58','2024-03-16 01:33:58'),(779,83,120,139,1,'2024-03-16 01:33:58','2024-03-16 01:33:58'),(780,83,121,140,1,'2024-03-16 01:33:58','2024-03-16 01:33:58'),(781,83,122,141,1,'2024-03-16 01:33:58','2024-03-16 01:33:58'),(782,83,123,142,1,'2024-03-16 01:33:58','2024-03-16 01:33:58'),(783,83,124,143,1,'2024-03-16 01:33:58','2024-03-16 01:33:58'),(784,83,125,144,1,'2024-03-16 01:33:58','2024-03-16 01:33:58'),(785,83,126,145,1,'2024-03-16 01:33:58','2024-03-16 01:33:58'),(786,83,127,146,1,'2024-03-16 01:33:58','2024-03-16 01:33:58'),(787,83,153,147,1,'2024-03-16 01:33:58','2024-03-16 01:33:58'),(788,83,155,148,1,'2024-03-16 01:33:58','2024-03-16 01:33:58'),(789,83,157,149,1,'2024-03-16 01:33:58','2024-03-16 01:33:58'),(790,83,159,150,1,'2024-03-16 01:33:58','2024-03-16 01:33:58'),(791,83,161,151,1,'2024-03-16 01:33:58','2024-03-16 01:33:58'),(792,83,163,152,1,'2024-03-16 01:33:58','2024-03-16 01:33:58'),(793,83,165,154,1,'2024-03-16 01:33:58','2024-03-16 01:33:58'),(794,83,167,156,1,'2024-03-16 01:33:58','2024-03-16 01:33:58'),(795,83,169,158,1,'2024-03-16 01:33:58','2024-03-16 01:33:58'),(796,83,171,160,1,'2024-03-16 01:33:58','2024-03-16 01:33:58'),(797,83,107,162,1,'2024-03-16 01:33:58','2024-03-16 01:33:58'),(798,83,106,164,1,'2024-03-16 01:33:58','2024-03-16 01:33:58'),(799,83,109,166,1,'2024-03-16 01:33:58','2024-03-16 01:33:58'),(800,83,110,168,1,'2024-03-16 01:33:58','2024-03-16 01:33:58'),(801,83,111,170,1,'2024-03-16 01:33:58','2024-03-16 01:33:58'),(802,83,113,172,1,'2024-03-16 01:33:58','2024-03-16 01:33:58'),(803,83,134,NULL,0,'2024-03-16 01:33:58','2024-03-16 01:33:58'),(804,84,104,131,1,'2024-03-16 01:34:03','2024-03-16 01:34:03'),(805,84,105,130,1,'2024-03-16 01:34:03','2024-03-16 01:34:03'),(806,84,109,129,1,'2024-03-16 01:34:03','2024-03-16 01:34:03'),(807,84,111,128,1,'2024-03-16 01:34:03','2024-03-16 01:34:03'),(808,84,113,132,1,'2024-03-16 01:34:03','2024-03-16 01:34:03'),(809,84,115,134,1,'2024-03-16 01:34:03','2024-03-16 01:34:03'),(810,84,117,133,1,'2024-03-16 01:34:03','2024-03-16 01:34:03'),(811,84,119,135,1,'2024-03-16 01:34:03','2024-03-16 01:34:03'),(812,84,121,136,1,'2024-03-16 01:34:03','2024-03-16 01:34:03'),(813,84,122,137,1,'2024-03-16 01:34:03','2024-03-16 01:34:03'),(814,84,123,138,1,'2024-03-16 01:34:03','2024-03-16 01:34:03'),(815,84,124,140,1,'2024-03-16 01:34:03','2024-03-16 01:34:03'),(816,84,125,141,1,'2024-03-16 01:34:03','2024-03-16 01:34:03'),(817,84,126,142,1,'2024-03-16 01:34:03','2024-03-16 01:34:03'),(818,84,127,143,1,'2024-03-16 01:34:03','2024-03-16 01:34:03'),(819,84,153,144,1,'2024-03-16 01:34:03','2024-03-16 01:34:03'),(820,84,155,145,1,'2024-03-16 01:34:03','2024-03-16 01:34:03'),(821,84,157,146,1,'2024-03-16 01:34:03','2024-03-16 01:34:03'),(822,84,159,147,1,'2024-03-16 01:34:03','2024-03-16 01:34:03'),(823,84,161,148,1,'2024-03-16 01:34:03','2024-03-16 01:34:03'),(824,84,163,149,1,'2024-03-16 01:34:03','2024-03-16 01:34:03'),(825,84,165,150,1,'2024-03-16 01:34:03','2024-03-16 01:34:03'),(826,84,167,151,1,'2024-03-16 01:34:03','2024-03-16 01:34:03'),(827,84,169,152,1,'2024-03-16 01:34:03','2024-03-16 01:34:03'),(828,84,171,154,1,'2024-03-16 01:34:03','2024-03-16 01:34:03'),(829,84,107,156,1,'2024-03-16 01:34:03','2024-03-16 01:34:03'),(830,84,106,158,1,'2024-03-16 01:34:03','2024-03-16 01:34:03'),(831,84,108,160,1,'2024-03-16 01:34:03','2024-03-16 01:34:03'),(832,84,110,162,1,'2024-03-16 01:34:03','2024-03-16 01:34:03'),(833,84,112,164,1,'2024-03-16 01:34:03','2024-03-16 01:34:03'),(834,84,114,166,1,'2024-03-16 01:34:03','2024-03-16 01:34:03'),(835,84,116,168,1,'2024-03-16 01:34:03','2024-03-16 01:34:03'),(836,84,118,170,1,'2024-03-16 01:34:03','2024-03-16 01:34:03'),(837,84,120,172,1,'2024-03-16 01:34:03','2024-03-16 01:34:03'),(838,84,139,NULL,0,'2024-03-16 01:34:03','2024-03-16 01:34:03'),(839,85,104,132,1,'2024-03-18 17:24:53','2024-03-18 17:24:53'),(840,85,105,131,1,'2024-03-18 17:24:53','2024-03-18 17:24:53'),(841,85,110,128,1,'2024-03-18 17:24:53','2024-03-18 17:24:53'),(842,85,115,129,1,'2024-03-18 17:24:53','2024-03-18 17:24:53'),(843,85,116,130,1,'2024-03-18 17:24:53','2024-03-18 17:24:53'),(844,85,117,134,1,'2024-03-18 17:24:53','2024-03-18 17:24:53'),(845,85,119,133,1,'2024-03-18 17:24:53','2024-03-18 17:24:53'),(846,85,120,135,1,'2024-03-18 17:24:53','2024-03-18 17:24:53'),(847,85,121,137,1,'2024-03-18 17:24:53','2024-03-18 17:24:53'),(848,85,123,136,1,'2024-03-18 17:24:53','2024-03-18 17:24:53'),(849,85,124,138,1,'2024-03-18 17:24:53','2024-03-18 17:24:53'),(850,85,125,139,1,'2024-03-18 17:24:53','2024-03-18 17:24:53'),(851,85,126,140,1,'2024-03-18 17:24:53','2024-03-18 17:24:53'),(852,85,127,141,1,'2024-03-18 17:24:53','2024-03-18 17:24:53'),(853,85,153,142,1,'2024-03-18 17:24:53','2024-03-18 17:24:53'),(854,85,155,143,1,'2024-03-18 17:24:53','2024-03-18 17:24:53'),(855,85,157,144,1,'2024-03-18 17:24:53','2024-03-18 17:24:53'),(856,85,159,145,1,'2024-03-18 17:24:53','2024-03-18 17:24:53'),(857,85,161,146,1,'2024-03-18 17:24:53','2024-03-18 17:24:53'),(858,85,163,147,1,'2024-03-18 17:24:53','2024-03-18 17:24:53'),(859,85,165,148,1,'2024-03-18 17:24:53','2024-03-18 17:24:53'),(860,85,167,149,1,'2024-03-18 17:24:53','2024-03-18 17:24:53'),(861,85,169,150,1,'2024-03-18 17:24:53','2024-03-18 17:24:53'),(862,85,171,151,1,'2024-03-18 17:24:53','2024-03-18 17:24:53'),(863,85,107,152,1,'2024-03-18 17:24:53','2024-03-18 17:24:53'),(864,85,106,154,1,'2024-03-18 17:24:53','2024-03-18 17:24:53'),(865,85,108,156,1,'2024-03-18 17:24:53','2024-03-18 17:24:53'),(866,85,166,158,1,'2024-03-18 17:24:53','2024-03-18 17:24:53'),(867,85,111,160,1,'2024-03-18 17:24:53','2024-03-18 17:24:53'),(868,85,112,162,1,'2024-03-18 17:24:53','2024-03-18 17:24:53'),(869,85,113,164,1,'2024-03-18 17:24:53','2024-03-18 17:24:53'),(870,85,109,168,1,'2024-03-18 17:24:53','2024-03-18 17:24:53'),(871,85,114,170,1,'2024-03-18 17:24:53','2024-03-18 17:24:53'),(872,85,122,172,1,'2024-03-18 17:24:53','2024-03-18 17:24:53'),(873,85,118,NULL,0,'2024-03-18 17:24:53','2024-03-18 17:24:53'),(874,86,104,133,1,'2024-03-18 17:25:00','2024-03-18 17:25:00'),(875,86,105,132,1,'2024-03-18 17:25:00','2024-03-18 17:25:00'),(876,86,106,129,1,'2024-03-18 17:25:00','2024-03-18 17:25:00'),(877,86,107,128,1,'2024-03-18 17:25:00','2024-03-18 17:25:00'),(878,86,116,131,1,'2024-03-18 17:25:00','2024-03-18 17:25:00'),(879,86,120,130,1,'2024-03-18 17:25:00','2024-03-18 17:25:00'),(880,86,121,134,1,'2024-03-18 17:25:00','2024-03-18 17:25:00'),(881,86,122,135,1,'2024-03-18 17:25:00','2024-03-18 17:25:00'),(882,86,123,137,1,'2024-03-18 17:25:00','2024-03-18 17:25:00'),(883,86,124,136,1,'2024-03-18 17:25:00','2024-03-18 17:25:00'),(884,86,125,138,1,'2024-03-18 17:25:00','2024-03-18 17:25:00'),(885,86,126,139,1,'2024-03-18 17:25:00','2024-03-18 17:25:00'),(886,86,127,140,1,'2024-03-18 17:25:00','2024-03-18 17:25:00'),(887,86,155,141,1,'2024-03-18 17:25:00','2024-03-18 17:25:00'),(888,86,157,142,1,'2024-03-18 17:25:00','2024-03-18 17:25:00'),(889,86,159,143,1,'2024-03-18 17:25:00','2024-03-18 17:25:00'),(890,86,161,144,1,'2024-03-18 17:25:00','2024-03-18 17:25:00'),(891,86,163,145,1,'2024-03-18 17:25:00','2024-03-18 17:25:00'),(892,86,165,146,1,'2024-03-18 17:25:00','2024-03-18 17:25:00'),(893,86,167,147,1,'2024-03-18 17:25:00','2024-03-18 17:25:00'),(894,86,169,148,1,'2024-03-18 17:25:00','2024-03-18 17:25:00'),(895,86,171,149,1,'2024-03-18 17:25:00','2024-03-18 17:25:00'),(896,86,108,150,1,'2024-03-18 17:25:00','2024-03-18 17:25:00'),(897,86,166,151,1,'2024-03-18 17:25:00','2024-03-18 17:25:00'),(898,86,170,152,1,'2024-03-18 17:25:00','2024-03-18 17:25:00'),(899,86,110,154,1,'2024-03-18 17:25:00','2024-03-18 17:25:00'),(900,86,112,156,1,'2024-03-18 17:25:00','2024-03-18 17:25:00'),(901,86,113,158,1,'2024-03-18 17:25:00','2024-03-18 17:25:00'),(902,86,109,160,1,'2024-03-18 17:25:00','2024-03-18 17:25:00'),(903,86,111,162,1,'2024-03-18 17:25:00','2024-03-18 17:25:00'),(904,86,114,164,1,'2024-03-18 17:25:00','2024-03-18 17:25:00'),(905,86,115,168,1,'2024-03-18 17:25:00','2024-03-18 17:25:00'),(906,86,117,172,1,'2024-03-18 17:25:00','2024-03-18 17:25:00'),(907,86,118,119,1,'2024-03-18 17:25:00','2024-03-18 17:25:00'),(908,86,153,NULL,0,'2024-03-18 17:25:00','2024-03-18 17:25:00'),(909,87,104,134,1,'2024-03-18 17:25:04','2024-03-18 17:25:04'),(910,87,105,133,1,'2024-03-18 17:25:04','2024-03-18 17:25:04'),(911,87,106,132,1,'2024-03-18 17:25:04','2024-03-18 17:25:04'),(912,87,107,129,1,'2024-03-18 17:25:04','2024-03-18 17:25:04'),(913,87,116,128,1,'2024-03-18 17:25:04','2024-03-18 17:25:04'),(914,87,120,131,1,'2024-03-18 17:25:04','2024-03-18 17:25:04'),(915,87,122,130,1,'2024-03-18 17:25:04','2024-03-18 17:25:04'),(916,87,123,135,1,'2024-03-18 17:25:04','2024-03-18 17:25:04'),(917,87,124,137,1,'2024-03-18 17:25:04','2024-03-18 17:25:04'),(918,87,125,136,1,'2024-03-18 17:25:04','2024-03-18 17:25:04'),(919,87,126,138,1,'2024-03-18 17:25:04','2024-03-18 17:25:04'),(920,87,127,139,1,'2024-03-18 17:25:04','2024-03-18 17:25:04'),(921,87,155,140,1,'2024-03-18 17:25:04','2024-03-18 17:25:04'),(922,87,157,141,1,'2024-03-18 17:25:04','2024-03-18 17:25:04'),(923,87,161,142,1,'2024-03-18 17:25:04','2024-03-18 17:25:04'),(924,87,163,143,1,'2024-03-18 17:25:04','2024-03-18 17:25:04'),(925,87,165,144,1,'2024-03-18 17:25:04','2024-03-18 17:25:04'),(926,87,167,145,1,'2024-03-18 17:25:04','2024-03-18 17:25:04'),(927,87,169,146,1,'2024-03-18 17:25:04','2024-03-18 17:25:04'),(928,87,171,147,1,'2024-03-18 17:25:04','2024-03-18 17:25:04'),(929,87,108,148,1,'2024-03-18 17:25:04','2024-03-18 17:25:04'),(930,87,166,149,1,'2024-03-18 17:25:04','2024-03-18 17:25:04'),(931,87,170,150,1,'2024-03-18 17:25:04','2024-03-18 17:25:04'),(932,87,110,151,1,'2024-03-18 17:25:04','2024-03-18 17:25:04'),(933,87,112,152,1,'2024-03-18 17:25:04','2024-03-18 17:25:04'),(934,87,113,153,1,'2024-03-18 17:25:04','2024-03-18 17:25:04'),(935,87,109,154,1,'2024-03-18 17:25:04','2024-03-18 17:25:04'),(936,87,111,156,1,'2024-03-18 17:25:04','2024-03-18 17:25:04'),(937,87,114,158,1,'2024-03-18 17:25:04','2024-03-18 17:25:04'),(938,87,115,160,1,'2024-03-18 17:25:04','2024-03-18 17:25:04'),(939,87,117,162,1,'2024-03-18 17:25:04','2024-03-18 17:25:04'),(940,87,118,164,1,'2024-03-18 17:25:04','2024-03-18 17:25:04'),(941,87,119,168,1,'2024-03-18 17:25:04','2024-03-18 17:25:04'),(942,87,121,172,1,'2024-03-18 17:25:04','2024-03-18 17:25:04'),(943,87,159,NULL,0,'2024-03-18 17:25:04','2024-03-18 17:25:04'),(944,88,104,135,1,'2024-03-18 17:25:06','2024-03-18 17:25:06'),(945,88,105,134,1,'2024-03-18 17:25:06','2024-03-18 17:25:06'),(946,88,106,133,1,'2024-03-18 17:25:06','2024-03-18 17:25:06'),(947,88,107,132,1,'2024-03-18 17:25:06','2024-03-18 17:25:06'),(948,88,124,128,1,'2024-03-18 17:25:06','2024-03-18 17:25:06'),(949,88,125,129,1,'2024-03-18 17:25:06','2024-03-18 17:25:06'),(950,88,126,130,1,'2024-03-18 17:25:06','2024-03-18 17:25:06'),(951,88,127,131,1,'2024-03-18 17:25:06','2024-03-18 17:25:06'),(952,88,155,136,1,'2024-03-18 17:25:06','2024-03-18 17:25:06'),(953,88,157,137,1,'2024-03-18 17:25:06','2024-03-18 17:25:06'),(954,88,160,138,1,'2024-03-18 17:25:06','2024-03-18 17:25:06'),(955,88,161,139,1,'2024-03-18 17:25:06','2024-03-18 17:25:06'),(956,88,165,140,1,'2024-03-18 17:25:06','2024-03-18 17:25:06'),(957,88,153,141,1,'2024-03-18 17:25:06','2024-03-18 17:25:06'),(958,88,163,142,1,'2024-03-18 17:25:06','2024-03-18 17:25:06'),(959,88,167,143,1,'2024-03-18 17:25:06','2024-03-18 17:25:06'),(960,88,171,144,1,'2024-03-18 17:25:06','2024-03-18 17:25:06'),(961,88,172,145,1,'2024-03-18 17:25:06','2024-03-18 17:25:06'),(962,88,166,146,1,'2024-03-18 17:25:06','2024-03-18 17:25:06'),(963,88,168,147,1,'2024-03-18 17:25:06','2024-03-18 17:25:06'),(964,88,170,148,1,'2024-03-18 17:25:06','2024-03-18 17:25:06'),(965,88,112,149,1,'2024-03-18 17:25:06','2024-03-18 17:25:06'),(966,88,110,150,1,'2024-03-18 17:25:06','2024-03-18 17:25:06'),(967,88,156,151,1,'2024-03-18 17:25:06','2024-03-18 17:25:06'),(968,88,164,152,1,'2024-03-18 17:25:06','2024-03-18 17:25:06'),(969,88,158,154,1,'2024-03-18 17:25:06','2024-03-18 17:25:06'),(970,88,162,159,1,'2024-03-18 17:25:06','2024-03-18 17:25:06'),(971,88,118,108,1,'2024-03-18 17:25:06','2024-03-18 17:25:06'),(972,88,109,111,1,'2024-03-18 17:25:06','2024-03-18 17:25:06'),(973,88,113,114,1,'2024-03-18 17:25:06','2024-03-18 17:25:06'),(974,88,115,116,1,'2024-03-18 17:25:06','2024-03-18 17:25:06'),(975,88,117,119,1,'2024-03-18 17:25:06','2024-03-18 17:25:06'),(976,88,120,121,1,'2024-03-18 17:25:06','2024-03-18 17:25:06'),(977,88,122,123,1,'2024-03-18 17:25:06','2024-03-18 17:25:06'),(978,88,169,NULL,0,'2024-03-18 17:25:06','2024-03-18 17:25:06'),(979,89,104,136,1,'2024-03-18 17:25:08','2024-03-18 17:25:08'),(980,89,105,135,1,'2024-03-18 17:25:08','2024-03-18 17:25:08'),(981,89,106,134,1,'2024-03-18 17:25:08','2024-03-18 17:25:08'),(982,89,107,133,1,'2024-03-18 17:25:08','2024-03-18 17:25:08'),(983,89,108,128,1,'2024-03-18 17:25:08','2024-03-18 17:25:08'),(984,89,126,129,1,'2024-03-18 17:25:08','2024-03-18 17:25:08'),(985,89,127,130,1,'2024-03-18 17:25:08','2024-03-18 17:25:08'),(986,89,137,131,1,'2024-03-18 17:25:08','2024-03-18 17:25:08'),(987,89,161,132,1,'2024-03-18 17:25:08','2024-03-18 17:25:08'),(988,89,163,138,1,'2024-03-18 17:25:08','2024-03-18 17:25:08'),(989,89,165,139,1,'2024-03-18 17:25:08','2024-03-18 17:25:08'),(990,89,167,140,1,'2024-03-18 17:25:08','2024-03-18 17:25:08'),(991,89,171,141,1,'2024-03-18 17:25:08','2024-03-18 17:25:08'),(992,89,159,142,1,'2024-03-18 17:25:08','2024-03-18 17:25:08'),(993,89,169,143,1,'2024-03-18 17:25:08','2024-03-18 17:25:08'),(994,89,172,144,1,'2024-03-18 17:25:08','2024-03-18 17:25:08'),(995,89,166,145,1,'2024-03-18 17:25:08','2024-03-18 17:25:08'),(996,89,170,146,1,'2024-03-18 17:25:08','2024-03-18 17:25:08'),(997,89,110,147,1,'2024-03-18 17:25:08','2024-03-18 17:25:08'),(998,89,112,148,1,'2024-03-18 17:25:08','2024-03-18 17:25:08'),(999,89,109,149,1,'2024-03-18 17:25:08','2024-03-18 17:25:08'),(1000,89,113,150,1,'2024-03-18 17:25:08','2024-03-18 17:25:08'),(1001,89,111,151,1,'2024-03-18 17:25:08','2024-03-18 17:25:08'),(1002,89,115,152,1,'2024-03-18 17:25:08','2024-03-18 17:25:08'),(1003,89,154,155,1,'2024-03-18 17:25:08','2024-03-18 17:25:08'),(1004,89,114,153,1,'2024-03-18 17:25:08','2024-03-18 17:25:08'),(1005,89,116,156,1,'2024-03-18 17:25:08','2024-03-18 17:25:08'),(1006,89,117,157,1,'2024-03-18 17:25:08','2024-03-18 17:25:08'),(1007,89,118,158,1,'2024-03-18 17:25:08','2024-03-18 17:25:08'),(1008,89,120,160,1,'2024-03-18 17:25:08','2024-03-18 17:25:08'),(1009,89,122,162,1,'2024-03-18 17:25:08','2024-03-18 17:25:08'),(1010,89,121,164,1,'2024-03-18 17:25:08','2024-03-18 17:25:08'),(1011,89,123,168,1,'2024-03-18 17:25:08','2024-03-18 17:25:08'),(1012,89,124,125,1,'2024-03-18 17:25:08','2024-03-18 17:25:08'),(1013,89,119,NULL,0,'2024-03-18 17:25:08','2024-03-18 17:25:08'),(1014,90,104,137,1,'2024-03-18 17:25:10','2024-03-18 17:25:10'),(1015,90,105,136,1,'2024-03-18 17:25:10','2024-03-18 17:25:10'),(1016,90,106,135,1,'2024-03-18 17:25:10','2024-03-18 17:25:10'),(1017,90,107,134,1,'2024-03-18 17:25:10','2024-03-18 17:25:10'),(1018,90,108,130,1,'2024-03-18 17:25:10','2024-03-18 17:25:10'),(1019,90,138,128,1,'2024-03-18 17:25:10','2024-03-18 17:25:10'),(1020,90,141,129,1,'2024-03-18 17:25:10','2024-03-18 17:25:10'),(1021,90,142,131,1,'2024-03-18 17:25:10','2024-03-18 17:25:10'),(1022,90,143,132,1,'2024-03-18 17:25:10','2024-03-18 17:25:10'),(1023,90,145,133,1,'2024-03-18 17:25:10','2024-03-18 17:25:10'),(1024,90,147,139,1,'2024-03-18 17:25:10','2024-03-18 17:25:10'),(1025,90,149,140,1,'2024-03-18 17:25:10','2024-03-18 17:25:10'),(1026,90,151,144,1,'2024-03-18 17:25:10','2024-03-18 17:25:10'),(1027,90,146,148,1,'2024-03-18 17:25:10','2024-03-18 17:25:10'),(1028,90,152,150,1,'2024-03-18 17:25:10','2024-03-18 17:25:10'),(1029,90,154,156,1,'2024-03-18 17:25:10','2024-03-18 17:25:10'),(1030,90,160,153,1,'2024-03-18 17:25:10','2024-03-18 17:25:10'),(1031,90,162,155,1,'2024-03-18 17:25:10','2024-03-18 17:25:10'),(1032,90,164,157,1,'2024-03-18 17:25:10','2024-03-18 17:25:10'),(1033,90,168,158,1,'2024-03-18 17:25:10','2024-03-18 17:25:10'),(1034,90,172,159,1,'2024-03-18 17:25:10','2024-03-18 17:25:10'),(1035,90,170,161,1,'2024-03-18 17:25:10','2024-03-18 17:25:10'),(1036,90,166,163,1,'2024-03-18 17:25:10','2024-03-18 17:25:10'),(1037,90,119,167,1,'2024-03-18 17:25:10','2024-03-18 17:25:10'),(1038,90,109,169,1,'2024-03-18 17:25:10','2024-03-18 17:25:10'),(1039,90,113,171,1,'2024-03-18 17:25:10','2024-03-18 17:25:10'),(1040,90,115,110,1,'2024-03-18 17:25:10','2024-03-18 17:25:10'),(1041,90,120,111,1,'2024-03-18 17:25:10','2024-03-18 17:25:10'),(1042,90,122,112,1,'2024-03-18 17:25:10','2024-03-18 17:25:10'),(1043,90,124,114,1,'2024-03-18 17:25:10','2024-03-18 17:25:10'),(1044,90,116,117,1,'2024-03-18 17:25:10','2024-03-18 17:25:10'),(1045,90,118,121,1,'2024-03-18 17:25:10','2024-03-18 17:25:10'),(1046,90,123,125,1,'2024-03-18 17:25:10','2024-03-18 17:25:10'),(1047,90,126,127,1,'2024-03-18 17:25:10','2024-03-18 17:25:10'),(1048,90,165,NULL,0,'2024-03-18 17:25:10','2024-03-18 17:25:10');
/*!40000 ALTER TABLE `schedule_details` ENABLE KEYS */;
UNLOCK TABLES;

--
-- Table structure for table `schedules`
--

DROP TABLE IF EXISTS `schedules`;
/*!40101 SET @saved_cs_client     = @@character_set_client */;
/*!50503 SET character_set_client = utf8mb4 */;
CREATE TABLE `schedules` (
  `schedule_id` int NOT NULL AUTO_INCREMENT,
  `date` date DEFAULT NULL,
  `created_at` datetime DEFAULT NULL,
  `updated_at` datetime DEFAULT NULL,
  PRIMARY KEY (`schedule_id`)
) ENGINE=InnoDB AUTO_INCREMENT=91 DEFAULT CHARSET=utf8mb4 COLLATE=utf8mb4_0900_ai_ci;
/*!40101 SET character_set_client = @saved_cs_client */;

--
-- Dumping data for table `schedules`
--

LOCK TABLES `schedules` WRITE;
/*!40000 ALTER TABLE `schedules` DISABLE KEYS */;
INSERT INTO `schedules` VALUES (7,'2024-02-12','2024-03-09 21:55:01','2024-03-09 21:55:01'),(12,'2024-02-19','2024-03-13 17:11:03','2024-03-13 17:11:03'),(19,'2024-03-04','2024-03-13 17:19:04','2024-03-13 17:19:04'),(23,'2024-04-22','2024-03-13 17:19:09','2024-03-13 17:19:09'),(24,'2024-04-29','2024-03-13 17:19:09','2024-03-13 17:19:09'),(25,'2024-02-26','2024-03-13 17:19:34','2024-03-13 17:19:34'),(67,'2024-03-05','2024-03-16 01:02:43','2024-03-16 01:02:43'),(71,'2024-04-09','2024-03-16 01:03:27','2024-03-16 01:03:27'),(80,'2024-03-12','2024-03-16 01:32:56','2024-03-16 01:32:56'),(81,'2024-03-12','2024-03-16 01:33:21','2024-03-16 01:33:21'),(82,'2024-03-19','2024-03-16 01:33:54','2024-03-16 01:33:54'),(83,'2024-03-26','2024-03-16 01:33:58','2024-03-16 01:33:58'),(84,'2024-04-02','2024-03-16 01:34:03','2024-03-16 01:34:03'),(85,'2024-03-18','2024-03-18 17:24:53','2024-03-18 17:24:53'),(86,'2024-03-11','2024-03-18 17:25:00','2024-03-18 17:25:00'),(87,'2024-03-25','2024-03-18 17:25:04','2024-03-18 17:25:04'),(88,'2024-04-01','2024-03-18 17:25:06','2024-03-18 17:25:06'),(89,'2024-04-08','2024-03-18 17:25:08','2024-03-18 17:25:08'),(90,'2024-04-15','2024-03-18 17:25:10','2024-03-18 17:25:10');
/*!40000 ALTER TABLE `schedules` ENABLE KEYS */;
UNLOCK TABLES;

--
-- Table structure for table `users`
--

DROP TABLE IF EXISTS `users`;
/*!40101 SET @saved_cs_client     = @@character_set_client */;
/*!50503 SET character_set_client = utf8mb4 */;
CREATE TABLE `users` (
  `user_id` int NOT NULL AUTO_INCREMENT,
  `username` varchar(255) DEFAULT NULL,
  `password_hash` varchar(255) DEFAULT NULL,
  `created_at` datetime DEFAULT NULL,
  `updated_at` datetime DEFAULT NULL,
  PRIMARY KEY (`user_id`),
  UNIQUE KEY `username` (`username`)
) ENGINE=InnoDB AUTO_INCREMENT=2 DEFAULT CHARSET=utf8mb4 COLLATE=utf8mb4_0900_ai_ci;
/*!40101 SET character_set_client = @saved_cs_client */;

--
-- Dumping data for table `users`
--

LOCK TABLES `users` WRITE;
/*!40000 ALTER TABLE `users` DISABLE KEYS */;
INSERT INTO `users` VALUES (1,'testuser','scrypt:32768:8:1$OcGnk6jLvVThpEvq$80b7a0034aff6f69a24ba6139446e07827db112036f73aa2c2484853d095a4745fff043a9bbf310be6d6c751038425525055bbf0df70d070967c93c79f91324e','2023-12-31 16:53:38','2023-12-31 16:53:38');
/*!40000 ALTER TABLE `users` ENABLE KEYS */;
UNLOCK TABLES;
/*!40103 SET TIME_ZONE=@OLD_TIME_ZONE */;

/*!40101 SET SQL_MODE=@OLD_SQL_MODE */;
/*!40014 SET FOREIGN_KEY_CHECKS=@OLD_FOREIGN_KEY_CHECKS */;
/*!40014 SET UNIQUE_CHECKS=@OLD_UNIQUE_CHECKS */;
/*!40101 SET CHARACTER_SET_CLIENT=@OLD_CHARACTER_SET_CLIENT */;
/*!40101 SET CHARACTER_SET_RESULTS=@OLD_CHARACTER_SET_RESULTS */;
/*!40101 SET COLLATION_CONNECTION=@OLD_COLLATION_CONNECTION */;
/*!40111 SET SQL_NOTES=@OLD_SQL_NOTES */;

-- Dump completed on 2024-03-18 19:23:30
